customer_id,name,region,signup_date
1,Gloria Mitchell,Peru,2024-10-22
2,Jessica Ross,Malta,2023-05-15
3,Franklin Walker,Anguilla,2023-08-06
4,Michael Huff,Greece,2025-05-26
5,April Reyes,Sao Tome and Principe,2023-05-23
6,Tammy Callahan,Solomon Islands,2024-01-03
7,Priscilla Garcia,Zambia,2022-10-10
8,Lisa Hudson,Honduras,2024-09-12
9,Rodney Johnson,Japan,2025-05-27
10,Joseph Carson,Kuwait,2023-06-20
11,Michele Smith,Congo,2025-02-25
12,Shannon Jordan,Saint Vincent and the Grenadines,2022-11-23
13,Kendra Young,Liberia,2023-10-23
14,Raymond Harper,Bhutan,2024-06-10
15,Kevin Whitehead,Maldives,2023-08-25
16,Jeremiah Berry,South Georgia and the South Sandwich Islands,2024-05-20
17,John Rojas,Saint Barthelemy,2025-05-16
18,Michael Mendez,Barbados,2023-01-23
19,Ashley Taylor,Cook Islands,2024-01-22
20,Amy Smith,Bahrain,2025-05-30
21,Brittney Oconnell,Luxembourg,2023-09-20
22,Julian Cruz,Palau,2025-04-20
23,Sharon Aguilar,Zimbabwe,2024-09-08
24,Robert Kelly,Vanuatu,2025-03-10
25,Kelsey Nguyen DVM,Heard Island and McDonald Islands,2022-09-23
26,Kevin Barron,Portugal,2024-01-15
27,Michelle Hall,Cambodia,2023-09-22
28,Anita Anderson,United Kingdom,2024-08-05
29,Sarah Brooks,Bolivia,2023-07-05
30,Elizabeth Duran,Palau,2025-05-19
31,Sheila Tucker,Malaysia,2023-03-16
32,David Munoz,Uzbekistan,2023-11-16
33,Hannah Higgins,Tanzania,2024-04-05
34,Billy Ortega,Trinidad and Tobago,2023-01-19
35,Melissa Bryan,Liberia,2025-03-21
36,Deborah Graham,Macao,2023-10-17
37,Rebecca Ramos,Grenada,2023-06-16
38,Melissa Pena,Morocco,2024-03-26
39,Angela Smith DVM,Saint Barthelemy,2022-09-13
40,Brittney Mendoza,British Indian Ocean Territory (Chagos Archipelago),2023-12-28
41,Samuel Bates,Bouvet Island (Bouvetoya),2025-05-30
42,Melissa Anderson MD,Saint Pierre and Miquelon,2025-02-19
43,Sheri Hernandez,Sao Tome and Principe,2022-08-21
44,Joseph Newman,Puerto Rico,2025-03-26
45,Cynthia Alexander,Togo,2023-10-10
46,James Reid,Netherlands,2024-03-16
47,Erika Brown,Iceland,2024-07-19
48,Michael Torres,Ukraine,2024-03-18
49,Megan Harrington,Montenegro,2024-10-29
50,James Quinn,Malta,2024-08-11
51,James White,Brunei Darussalam,2025-03-31
52,Katelyn Nichols,Namibia,2024-03-11
53,Brian Flynn,Comoros,2025-04-21
54,Dr. Rachel Keith,Uganda,2024-03-20
55,Caleb Wood,Guyana,2022-12-08
56,Deanna Bryant,El Salvador,2023-01-24
57,Gregory Palmer,Puerto Rico,2024-06-09
58,Katie Garcia,Tokelau,2024-01-14
59,Stephanie Tran,French Southern Territories,2024-07-25
60,Michael Smith,Taiwan,2024-09-19
61,Adrienne Madden,Bermuda,2024-12-14
62,Christopher Mcbride,Dominican Republic,2023-03-19
63,David Moore,Tunisia,2024-10-10
64,Hannah Huber,Haiti,2023-07-18
65,Kristen Powers,Holy See (Vatican City State),2024-11-12
66,Michael Gibson,Malaysia,2024-05-21
67,Julia Moran,Finland,2025-01-21
68,Jennifer Johnson,Bosnia and Herzegovina,2022-12-01
69,Brady Nichols,Malta,2024-02-28
70,John Leach,Holy See (Vatican City State),2023-10-30
71,Natasha Martin,Saint Martin,2022-12-27
72,Ricardo Collins,Colombia,2025-05-02
73,Kristi Harris,Kenya,2022-10-01
74,Scott Montoya,Israel,2023-11-08
75,Tyler Williams,Australia,2025-01-26
76,Robert Cochran PhD,Kenya,2025-05-06
77,Paula Freeman,Cambodia,2024-07-15
78,Patricia Walton,Gambia,2022-08-14
79,Danielle Spears,Brazil,2022-08-08
80,Bryan Barber,Slovenia,2023-09-14
81,Katrina Roberts,Somalia,2023-08-13
82,Colleen Mclaughlin,Honduras,2023-01-22
83,Laura Jenkins,Papua New Guinea,2024-08-04
84,Harold Garcia,British Virgin Islands,2023-04-21
85,John Harris,Greece,2024-12-11
86,Crystal Kirby,El Salvador,2024-09-08
87,Amanda Moore,Palestinian Territory,2022-10-23
88,Mandy Jones,Svalbard & Jan Mayen Islands,2023-09-09
89,Grant Jones,Mauritius,2024-02-14
90,William Gross,Brazil,2024-04-08
91,Manuel Williams,Afghanistan,2023-08-28
92,Alice Martinez,Saint Helena,2024-03-16
93,Christine Adams,Turks and Caicos Islands,2025-01-07
94,Brenda Schultz,South Africa,2022-11-19
95,Stephen Johnson,Bangladesh,2024-04-07
96,Lori Barrett DVM,Vanuatu,2023-01-17
97,Mr. Brandon Williams,Slovenia,2023-06-28
98,Barry Branch,British Indian Ocean Territory (Chagos Archipelago),2024-02-26
99,Adam Whitaker,Uzbekistan,2024-04-17
100,Anthony Cervantes,Turkmenistan,2022-11-14
101,Emma Barajas,Lao People's Democratic Republic,2025-01-15
102,Abigail Hudson,Nigeria,2025-03-24
103,Amber Johnson,Japan,2023-09-19
104,Justin Hernandez,Bangladesh,2025-02-16
105,Francisco Jackson,Algeria,2025-03-30
106,Adam Freeman,Brazil,2022-11-28
107,Laura Robinson,Andorra,2022-11-19
108,Jennifer Woodard,North Macedonia,2024-01-24
109,Mariah Perry,Tajikistan,2023-10-25
110,Bruce Lin,Montenegro,2025-01-14
111,Thomas Harris,Antigua and Barbuda,2022-12-20
112,Michelle Andrews,Congo,2023-07-28
113,Brittney Long,Lesotho,2025-01-18
114,Jodi Payne,Nepal,2023-05-17
115,David Hogan,Taiwan,2023-06-29
116,Joseph Brown,Israel,2022-11-19
117,Randall Moore,Malta,2025-04-01
118,Christopher Fleming,Zambia,2024-01-10
119,Betty Johnson,Canada,2024-04-17
120,Anthony Davis,Romania,2023-06-17
121,Brian Bryant,Tajikistan,2024-12-03
122,Nicole Miller,Zimbabwe,2023-11-13
123,Gabriel Sanchez,Wallis and Futuna,2025-06-30
124,Christopher Snyder,Saint Pierre and Miquelon,2024-06-21
125,Austin Butler,Saint Martin,2022-12-15
126,Maria Diaz,Nicaragua,2025-05-23
127,Brian Richards,Tunisia,2024-12-14
128,Andrea Bates,Saint Helena,2023-04-10
129,David Harris,Kazakhstan,2024-02-20
130,Joseph Golden,Yemen,2023-10-13
131,Kevin Sullivan,Greece,2022-10-23
132,Nicholas Wright,Egypt,2023-01-31
133,James Hunter,United States Virgin Islands,2023-09-06
134,Christopher Nguyen,Czech Republic,2022-11-08
135,Victoria Davila,New Zealand,2023-07-02
136,Joseph Wilcox,Oman,2024-10-08
137,Kaitlin Oliver,Central African Republic,2023-04-28
138,Lisa Turner,Argentina,2023-08-03
139,Mary Roberson,Belize,2023-10-24
140,David Powers,Slovakia (Slovak Republic),2025-01-24
141,Amanda Stokes,Venezuela,2024-12-17
142,Jenny Kaiser,Malta,2024-09-20
143,Michelle Jones,French Southern Territories,2023-03-13
144,Eugene Higgins,Spain,2024-05-31
145,April Vaughn,Liberia,2023-09-02
146,Briana Moody,Russian Federation,2024-02-28
147,Paul Black Jr.,Mexico,2022-10-31
148,Bobby Esparza,India,2022-12-11
149,Colton Powell,Aruba,2023-04-29
150,Jon Wagner,Korea,2024-08-01
151,Brian Jennings,Ghana,2024-01-08
152,Jacqueline Clark,Armenia,2025-05-20
153,Bridget Ramirez,Hungary,2024-09-08
154,John Webster,Chile,2022-09-22
155,Lisa Schneider,Tanzania,2025-06-29
156,Joan Pope,Switzerland,2024-12-01
157,Robert Adams,Puerto Rico,2023-12-03
158,John Arnold,Czech Republic,2023-09-02
159,Amy Villarreal,Yemen,2023-12-29
160,Joann Thomas,Bhutan,2023-12-23
161,Jacqueline Carr,Cook Islands,2024-03-17
162,Andrea Ryan,Montserrat,2024-10-26
163,Michelle Bolton,Brunei Darussalam,2024-03-05
164,Tammy Henderson,Turkey,2024-03-29
165,Virginia Lopez,Ecuador,2023-03-12
166,Margaret Logan,Kyrgyz Republic,2022-10-17
167,Sharon Herring,Greenland,2025-07-11
168,Martin Jones,Armenia,2025-07-27
169,Melvin Aguilar,Zambia,2024-11-17
170,Mr. Dylan Henderson,Mauritius,2022-09-29
171,Hannah Hendricks,Congo,2025-03-16
172,Sharon Carter,Sudan,2024-05-16
173,Amanda Dunn,Tunisia,2023-02-14
174,Samuel Neal,Congo,2022-11-22
175,Glenn Strickland,Turkmenistan,2022-11-24
176,John Maxwell,Libyan Arab Jamahiriya,2025-01-17
177,Jordan Cunningham,Burundi,2025-05-31
178,Candice Williams,Senegal,2022-10-15
179,Walter Williams,Belarus,2023-11-15
180,Stephen Ball,Benin,2023-03-14
181,Danielle Ayers,Christmas Island,2023-03-11
182,Patricia Collins,Swaziland,2022-10-21
183,Teresa Hood,Switzerland,2025-06-23
184,Julia French,Saint Lucia,2025-04-07
185,Jason Sandoval,Martinique,2024-04-14
186,Lance Marquez,Malaysia,2025-06-16
187,Todd Grant,Barbados,2024-07-24
188,Emily Burton,Isle of Man,2023-04-17
189,Kevin Diaz,Saint Kitts and Nevis,2023-02-17
190,Howard Clements,Sweden,2025-04-30
191,Randall Howard,Lebanon,2024-03-05
192,Leslie Brown,Tunisia,2023-05-04
193,Melissa Irwin,Iceland,2022-12-10
194,Misty Horne,Western Sahara,2025-04-26
195,David Thompson,Qatar,2024-12-20
196,Lisa Logan,Finland,2024-04-27
197,Jacob Scott,Morocco,2023-12-13
198,Christina Campbell,Brazil,2022-09-02
199,Rebecca Morris,Antigua and Barbuda,2025-04-08
200,Catherine Ashley,Austria,2022-09-17
201,Robert Johnson,Anguilla,2024-08-03
202,Caroline Thompson,Indonesia,2024-04-28
203,Cristian Deleon,Turkmenistan,2023-11-15
204,Andrew Davis,Bolivia,2025-06-15
205,Benjamin Kramer,Palestinian Territory,2022-08-30
206,Terri Tran,Jamaica,2022-10-11
207,Alex Townsend,Benin,2024-03-25
208,Justin Gould,Bulgaria,2024-02-02
209,Heather Reyes,British Virgin Islands,2024-09-20
210,Julie Butler,Burundi,2023-04-08
211,Samuel Mccormick,Guyana,2023-03-20
212,Matthew Snyder,Marshall Islands,2024-09-22
213,Terry Hawkins,Senegal,2024-02-21
214,Haley Adkins,Bermuda,2025-04-18
215,Jeffrey Zamora,Bahrain,2025-01-11
216,Eric Jackson,Mongolia,2022-09-20
217,Lisa Vang,Gambia,2022-09-07
218,Miss Wendy Green,Lithuania,2025-03-28
219,Ashley Weiss,Moldova,2024-07-02
220,Steve Elliott,China,2024-12-09
221,Eric Wood,Lao People's Democratic Republic,2024-02-04
222,Janet Gilbert,Jersey,2023-06-28
223,Christopher Roberts,Chile,2023-02-06
224,Elizabeth Smith,Bermuda,2025-01-20
225,Stacy Gonzalez,Uruguay,2024-09-09
226,Todd Gibson,Vanuatu,2025-07-13
227,Mary Caldwell,Afghanistan,2024-11-12
228,Mercedes Morgan,Argentina,2022-12-10
229,Jeffrey Henderson,Sierra Leone,2025-01-14
230,Michael Robinson,Burundi,2024-03-02
231,Bryan Stevens,Taiwan,2024-05-27
232,Ms. Beth Horton DDS,Cook Islands,2025-07-15
233,Jessica Terry,Swaziland,2023-08-14
234,Scott Ramos,Cape Verde,2022-09-18
235,Duane Shelton,Bosnia and Herzegovina,2024-03-28
236,April Christian,Eritrea,2023-10-17
237,Ashley Cunningham,Sri Lanka,2025-06-15
238,Jamie Davis,Marshall Islands,2025-01-09
239,Alexander Butler,Grenada,2025-04-07
240,Jodi Gallegos,France,2023-07-02
241,Kathryn Adkins,Turkmenistan,2023-12-17
242,Ricardo Brown,Saudi Arabia,2025-05-25
243,Cindy Todd,Burkina Faso,2024-04-21
244,Jamie Fields,Russian Federation,2024-04-08
245,Paul Pennington,San Marino,2024-01-31
246,Tracy Schmidt,United Arab Emirates,2023-12-05
247,Daniel Williams,Barbados,2025-05-02
248,Debra Long,Moldova,2024-11-16
249,Chelsea Taylor,Anguilla,2023-10-30
250,Robert Hood,Senegal,2025-04-28
251,Ashley Rodriguez,Gambia,2022-10-21
252,Christopher Hurley,United States of America,2024-08-06
253,Alyssa Dixon,Falkland Islands (Malvinas),2023-06-18
254,Laura Miller,Kenya,2022-11-08
255,Rachael Ingram,Saint Kitts and Nevis,2022-12-14
256,James Little,Kiribati,2023-11-19
257,Christina Novak,Paraguay,2024-02-12
258,Daniel Lewis,Moldova,2024-07-21
259,Deanna Ortiz,Madagascar,2024-03-09
260,David Marshall,Denmark,2023-03-27
261,Aaron Porter,Western Sahara,2023-11-17
262,Patrick Suarez,Dominican Republic,2022-12-02
263,Jennifer Mclaughlin,Papua New Guinea,2023-07-12
264,Kristen Berg,Congo,2024-12-15
265,Mitchell Harris,Samoa,2024-02-09
266,Angela Gray,United States of America,2023-12-21
267,Richard Gibson,Suriname,2022-08-06
268,Curtis Hatfield,Singapore,2023-02-11
269,Dominique Harris,Moldova,2022-10-26
270,Samantha Ramirez,Venezuela,2024-10-30
271,Denise Gonzalez,Brazil,2022-09-26
272,Crystal Flores,Egypt,2024-11-27
273,Jose Johnson,Montenegro,2022-10-29
274,Jeffrey Cervantes,Norway,2023-11-26
275,Emily Brown,French Guiana,2022-09-30
276,Sarah Smith,Turkmenistan,2024-01-29
277,Randall Garrett,Vietnam,2025-07-25
278,Ricky Mcgee,Wallis and Futuna,2024-08-26
279,Jennifer Cook,Liechtenstein,2024-11-10
280,Nathan Fowler,Holy See (Vatican City State),2023-01-30
281,John Gonzales,Hungary,2024-06-01
282,Hannah Campbell,Nepal,2024-02-06
283,Jason Roberts,Bulgaria,2024-04-20
284,Cynthia Vega,Slovakia (Slovak Republic),2025-06-10
285,David Hall,Oman,2024-09-11
286,Jeffery Baird,Saint Vincent and the Grenadines,2023-11-10
287,Jennifer Hill,Costa Rica,2024-04-20
288,Hannah Anthony,Ethiopia,2025-05-26
289,Todd Rodgers,Ethiopia,2024-07-07
290,Alexandria Wyatt,Saint Pierre and Miquelon,2023-12-24
291,Michelle Cruz,French Polynesia,2024-08-21
292,Cheryl Jackson,Aruba,2024-01-02
293,Ashley Hubbard,Czech Republic,2022-12-22
294,Madeline Jackson DDS,Faroe Islands,2024-12-09
295,Jacqueline Holt,Saint Lucia,2023-02-08
296,Christopher Hopkins,India,2024-06-12
297,Jeffrey Hudson,Japan,2023-10-12
298,Jason Williams,United States Virgin Islands,2023-04-30
299,Margaret Moyer,Venezuela,2024-10-23
300,Jason Nelson,Saudi Arabia,2023-09-09
301,Brian Aguirre,Luxembourg,2023-11-11
302,Darren Lopez,Saint Barthelemy,2025-07-31
303,Tammy Cherry,Uzbekistan,2022-11-17
304,Sherri Hurley,Guinea-Bissau,2025-07-02
305,Michael Bradley,Austria,2023-06-01
306,Catherine Winters,Suriname,2025-07-20
307,Andrea Clements,Zimbabwe,2024-11-17
308,Kathleen Anderson,Vietnam,2022-10-10
309,David Thomas,Western Sahara,2023-01-06
310,James Mcfarland,Chile,2023-08-23
311,Evelyn Taylor,Mali,2024-01-22
312,Jeffrey Werner,Uruguay,2023-07-04
313,Krista Brown,Grenada,2025-05-17
314,Deanna Morales,Morocco,2024-12-26
315,Jacob Atkinson,Timor-Leste,2024-01-01
316,Julie Graham,Turkmenistan,2023-12-02
317,Jessica Stevens,Brazil,2023-09-13
318,Melinda Mejia,Anguilla,2025-07-18
319,Judy Smith,Bahamas,2024-09-26
320,Brad Miller,Saint Pierre and Miquelon,2025-03-31
321,Victor Owen,Austria,2025-01-13
322,Erin Weaver,Russian Federation,2024-06-02
323,Laura Black,French Polynesia,2022-11-28
324,Cindy Gonzales,Tanzania,2025-01-07
325,Daniel Collins,China,2025-03-16
326,Lisa Watson,Slovakia (Slovak Republic),2022-10-03
327,Alyssa Vazquez,Seychelles,2022-08-16
328,Angela Jordan,Palestinian Territory,2025-02-20
329,Robin Jones,Eritrea,2024-02-15
330,John Kennedy,Lebanon,2023-08-21
331,Lindsey Douglas PhD,Kyrgyz Republic,2024-08-12
332,Christina Bailey,Mozambique,2022-10-02
333,April Kelly,Vanuatu,2022-10-18
334,Dr. Richard Garza,Puerto Rico,2022-10-22
335,Christina Gomez,Poland,2024-04-28
336,Wayne Thomas,Iceland,2023-09-07
337,Lauren Dodson,Isle of Man,2024-06-23
338,Maurice Arnold,Tuvalu,2023-04-22
339,Dr. Darren Mendoza,Mali,2024-10-29
340,Michael Miller,Norway,2024-05-22
341,Jake Stone,Greece,2024-09-02
342,Debra Lewis,Somalia,2023-11-09
343,Zachary Brown,Bulgaria,2024-02-08
344,Brenda Hooper,Germany,2023-02-03
345,Michelle Miller,Portugal,2024-02-12
346,Melissa Ramos,North Macedonia,2023-08-18
347,William Stewart,Yemen,2023-10-14
348,Danielle Williamson,Germany,2024-05-21
349,Karen Johnson,Anguilla,2025-01-17
350,Monica Ballard,Antigua and Barbuda,2023-08-22
351,Michael Dean,Mali,2023-04-02
352,William Nolan,Isle of Man,2025-04-08
353,Mr. Matthew Alexander,Somalia,2022-09-12
354,Erica Barnes,Turkmenistan,2023-10-27
355,Veronica Stevenson MD,Wallis and Futuna,2023-04-16
356,Dr. Luis Norton,Czech Republic,2025-03-14
357,Kathleen Fowler,Aruba,2022-09-26
358,Lisa Adams,Philippines,2024-05-14
359,Kristen Boyd MD,Macao,2023-09-28
360,Bradley Barrett,Georgia,2024-10-30
361,Stephen Gomez,San Marino,2023-03-04
362,Carolyn Garcia,Cuba,2024-10-18
363,Kevin Cole,Cook Islands,2022-09-10
364,William Garcia,Timor-Leste,2025-05-24
365,Nancy Park,Burundi,2023-02-23
366,Mark Cox,Uzbekistan,2024-02-10
367,Gary Smith,Myanmar,2024-09-08
368,Ann George,Belgium,2025-06-01
369,Yvonne Clark,Angola,2022-10-15
370,Steven Martinez,Congo,2022-11-20
371,Brittany Davis,Spain,2022-12-18
372,Joshua Simmons,Denmark,2022-11-12
373,Kyle Castro,Bolivia,2023-01-26
374,Joyce Thomas,Lesotho,2025-05-27
375,Robin Morrow DDS,Bahrain,2023-07-10
376,Joshua Cole,Norfolk Island,2024-12-09
377,Jasmine Stanton,British Indian Ocean Territory (Chagos Archipelago),2024-10-20
378,Michael Jones,Gambia,2025-03-23
379,Linda Merritt MD,Eritrea,2024-10-28
380,Brandon Ortiz,Netherlands,2023-05-08
381,Christopher Cox,Faroe Islands,2024-05-26
382,Zachary Morris,Panama,2023-09-15
383,Victoria Gray,Estonia,2024-12-08
384,Jesus Browning,Algeria,2023-11-12
385,Misty Juarez,Norway,2023-12-14
386,Jeffrey Moore,Slovakia (Slovak Republic),2023-11-05
387,Laura Lewis,Tokelau,2025-04-14
388,Mrs. Leah Campbell DDS,Maldives,2023-04-04
389,Geoffrey Sanchez,Guernsey,2025-01-13
390,Angela Brady,Ghana,2022-10-25
391,Melissa Gonzales,Malaysia,2025-03-08
392,Brenda Barnes,Guadeloupe,2024-09-27
393,Karl Reid,Dominican Republic,2022-09-14
394,Brian Horne,Liberia,2023-12-18
395,Amber Carlson,Yemen,2023-08-04
396,Carla Blake,Estonia,2023-12-26
397,Angela Caldwell,Sierra Leone,2023-12-26
398,Taylor Ramirez,Mauritania,2024-10-10
399,Christie Sexton,Azerbaijan,2023-09-23
400,Christine Erickson,Mauritius,2025-06-23
401,Sherry Ingram,Burkina Faso,2024-08-26
402,Brenda Elliott,Syrian Arab Republic,2023-05-18
403,Jennifer Hicks,Northern Mariana Islands,2024-11-29
404,Jerry Fisher,Colombia,2022-12-16
405,Nicholas Peterson,Korea,2023-06-27
406,Omar Peterson,Cambodia,2024-03-23
407,Sabrina Hansen,Philippines,2023-05-29
408,Norma Torres,Mozambique,2025-04-07
409,Brandon Martinez,Tokelau,2025-05-16
410,Linda Oliver,Greece,2023-01-25
411,Brian Allison,Saint Martin,2025-03-22
412,Alexis Hunter DVM,Denmark,2022-10-21
413,Jason Martin,Guatemala,2023-12-20
414,Steven Pope,Taiwan,2023-05-14
415,Sarah Jennings,United Kingdom,2023-05-30
416,Eric Campbell,Wallis and Futuna,2023-12-02
417,Jasmine Martinez,Isle of Man,2022-08-07
418,Barbara Morris,Canada,2024-06-02
419,Matthew York,British Indian Ocean Territory (Chagos Archipelago),2022-09-03
420,Kathryn Shaffer,Sri Lanka,2024-05-16
421,Rebecca Cox,Bahamas,2024-05-20
422,Matthew Rowland,Guam,2022-11-15
423,Bruce White,Turkmenistan,2023-05-31
424,Ryan Allen,Philippines,2022-10-14
425,Thomas Sutton,Benin,2024-05-05
426,Nicole Reilly,Kenya,2022-08-13
427,Rebecca Wade,Equatorial Guinea,2025-01-15
428,Brooke Lynn,Montserrat,2023-09-27
429,Matthew Roman,Sao Tome and Principe,2024-07-03
430,Sydney Anderson,Saint Vincent and the Grenadines,2025-06-07
431,Sherry Nguyen,British Virgin Islands,2025-04-08
432,Katelyn Hernandez,Pitcairn Islands,2023-09-03
433,Morgan Hernandez,Bulgaria,2023-10-09
434,Jennifer Carey,Italy,2024-10-15
435,Suzanne Evans,Turkey,2025-02-10
436,Heather Turner,Switzerland,2024-10-01
437,Shannon Brown,Finland,2024-05-12
438,Barbara Wilson,Poland,2023-02-26
439,Jocelyn Massey,Rwanda,2025-02-15
440,Victoria Haynes,Benin,2023-08-09
441,Lisa Jenkins,Yemen,2022-12-14
442,Charles Lopez,Austria,2025-04-02
443,Thomas Alexander,Iceland,2022-10-03
444,Kimberly Monroe,Palau,2024-04-27
445,Jonathan Charles,Somalia,2024-10-09
446,Eric Dominguez,French Polynesia,2023-10-09
447,Sean Lee,Wallis and Futuna,2023-08-08
448,Claire Rich,Mali,2023-12-13
449,Ashlee Wilson,Slovenia,2023-01-22
450,Ms. Tracy King,Iraq,2024-02-02
451,David Lucero,Bulgaria,2023-09-22
452,Erika Cole,Peru,2023-12-27
453,Christian Perry,Mexico,2023-02-01
454,Jesse Chen,Egypt,2023-03-18
455,Richard Cole,Liechtenstein,2024-01-12
456,Tonya Cline,Syrian Arab Republic,2022-09-02
457,Jennifer Hurley,Greenland,2022-08-14
458,Nathan Li,Spain,2023-07-06
459,Scott Rocha,Slovenia,2023-02-13
460,Erik Cooper,Cote d'Ivoire,2024-10-28
461,Kelly Bullock,Western Sahara,2025-02-09
462,Edward Nolan,Bahamas,2023-09-17
463,Adam Holmes,Anguilla,2024-09-08
464,Judy Miller DVM,Denmark,2023-01-15
465,Felicia Baker,Dominican Republic,2023-10-12
466,William Johnson,Czech Republic,2024-03-30
467,Jason Tucker,Ethiopia,2023-12-31
468,Ricky Hernandez,Norway,2024-05-18
469,Ruben Shaw,Uzbekistan,2023-11-08
470,April Sanders,British Virgin Islands,2025-03-28
471,Alan Allen,Latvia,2024-08-20
472,Anne Sims,Haiti,2025-02-09
473,Parker White,Croatia,2023-11-17
474,Manuel Martinez,Costa Rica,2024-10-12
475,Samuel Oconnor,Greece,2023-10-07
476,Scott Merritt,Albania,2024-01-21
477,Corey Hawkins,Guam,2024-04-09
478,Jennifer Gallegos MD,Zambia,2025-01-13
479,Daniel Richardson,Moldova,2022-11-08
480,Kelly Lutz,Jersey,2024-02-01
481,Brooke Jones,Mauritania,2022-10-09
482,Kirsten Villa,Serbia,2023-10-13
483,Bradley Williams,Isle of Man,2022-10-11
484,Jeffrey Riggs,Bulgaria,2023-08-11
485,Juan Arellano,Germany,2023-05-19
486,Mariah Smith,United States Virgin Islands,2024-07-22
487,Carol Noble,Slovakia (Slovak Republic),2025-03-30
488,Andrea Nash,Central African Republic,2023-09-22
489,David Brown,Papua New Guinea,2024-03-25
490,Ms. Theresa Williams,Uganda,2024-09-07
491,Eugene Chan,Thailand,2025-06-08
492,John Walters,Burundi,2024-07-09
493,John Miller,Jamaica,2024-09-12
494,Kim Meyers,Bangladesh,2023-07-29
495,William Erickson,Serbia,2023-11-28
496,Rachel Smith,Mozambique,2024-10-10
497,Eddie White,Samoa,2023-05-26
498,Joshua Rasmussen,Sweden,2024-06-06
499,Cory Swanson,Sao Tome and Principe,2022-11-08
500,Bethany Contreras,El Salvador,2025-02-22
